treatment,segment,group,VOLT_FLAG,SCORE,cleaned_comment,date_converted,month,SALES_PERSON_SAT,SALES_FRIENDLY_SAT,COMMINICATION_SAT,FIRST_BILL_SAT,AGENT_KNOWLEDGE
control,Non-VOLT,Non-VOLT_control,,10,good package,2023-03-01,3,10.0,8.0,10.0,10.0,10.0
control,VOLT,VOLT_control,yes,10,good customer service,2023-03-01,3,10.0,10.0,10.0,10.0,10.0
control,VOLT,VOLT_control,yes,10,far good charlie efficient helpful let hope continues confident,2023-03-01,3,,10.0,10.0,10.0,10.0
control,Non-VOLT,Non-VOLT_control,,10,great communication,2023-03-01,3,10.0,10.0,10.0,10.0,10.0
control,VOLT,VOLT_control,yes,10,chris amazing contacted put details online,2023-03-01,3,,10.0,10.0,10.0,10.0
control,Non-VOLT,Non-VOLT_control,,9,,2023-03-01,3,7.0,10.0,9.0,10.0,8.0
control,VOLT,VOLT_control,yes,3,price bundle went days placed order,2023-03-01,3,6.0,6.0,4.0,6.0,6.0
control,VOLT,VOLT_control,yes,9,simple straightforward process lot information things remember phone,2023-03-01,3,,,10.0,10.0,9.0
control,Non-VOLT,Non-VOLT_control,,10,amazing service job completed,2023-03-01,3,10.0,10.0,10.0,10.0,10.0
control,Non-VOLT,Non-VOLT_control,,10,goo service,2023-03-01,3,10.0,10.0,10.0,10.0,10.0
control,VOLT,VOLT_control,yes,9,,2023-03-01,3,8.0,6.0,10.0,10.0,5.0
control,Non-VOLT,Non-VOLT_control,,10,guy spoke helpful give fantastic deal looking forward receiving box downfall waiting time two weeks sure worth wait,2023-03-01,3,5.0,10.0,10.0,10.0,10.0
control,VOLT,VOLT_control,yes,9,,2023-03-01,3,8.0,7.0,10.0,10.0,5.0
control,VOLT,VOLT_control,yes,10,work done far done high standard phone agent people came house professional polite would definitely recommend,2023-03-01,3,10.0,10.0,10.0,10.0,10.0
control,VOLT,VOLT_control,yes,10,great service tony,2023-03-01,3,10.0,10.0,10.0,10.0,10.0
control,VOLT,VOLT_control,yes,0,two days,2023-03-01,3,0.0,0.0,0.0,0.0,0.0
control,VOLT,VOLT_control,yes,10,spoke several company people first contact steph took extreme care explain options available conversation lasted hour many thanks steph following spoke three people became clear husband penalty fee leaving put invidious position pensioners able proceed spoke ine managed somehow procure part bt's despicable fee finally allowed ahead many thanks therefore people helped,2023-03-01,3,10.0,5.0,10.0,10.0,10.0
control,Non-VOLT,Non-VOLT_control,,9,good early days yet,2023-03-01,3,0.0,10.0,10.0,10.0,8.0
control,VOLT,VOLT_control,yes,10,nice pleasent aswell,2023-03-01,3,10.0,10.0,10.0,10.0,10.0
control,VOLT,VOLT_control,yes,5,alright reasonably good,2023-03-01,3,5.0,2.0,10.0,10.0,7.0
control,Non-VOLT,Non-VOLT_control,,10,,2023-03-01,3,6.0,8.0,10.0,10.0,7.0
control,Non-VOLT,Non-VOLT_control,,10,,2023-03-01,3,10.0,10.0,10.0,10.0,9.0
control,Non-VOLT,Non-VOLT_control,,8,phone helpful fella questions got running little time better internet around area,2023-03-01,3,9.0,8.0,9.0,10.0,7.0
control,VOLT,VOLT_control,yes,0,,2023-03-01,3,0.0,0.0,0.0,0.0,0.0
control,VOLT,VOLT_control,yes,10,extremely helpful engineer visit,2023-03-01,3,10.0,10.0,10.0,10.0,10.0
control,VOLT,VOLT_control,yes,10,dee took ordering process could helpful went,2023-03-01,3,5.0,5.0,10.0,10.0,10.0
control,VOLT,VOLT_control,yes,10,,2023-03-01,3,10.0,10.0,10.0,10.0,10.0
control,Non-VOLT,Non-VOLT_control,,10,hood customer service,2023-03-01,3,10.0,10.0,10.0,10.0,10.0
control,VOLT,VOLT_control,yes,10,,2023-03-01,3,10.0,10.0,10.0,10.0,10.0
control,VOLT,VOLT_control,yes,10,mat brilliant followed advailabe really professional plesent deal,2023-03-01,3,5.0,5.0,10.0,10.0,10.0
control,Non-VOLT,Non-VOLT_control,,10,set yet speaking ashley informative pleasant saturday chaps came day road house infrastructure satisfactory today site management checked everything installed satisfactory happy,2023-03-01,3,10.0,10.0,10.0,10.0,10.0
control,Non-VOLT,Non-VOLT_control,,10,,2023-03-01,3,10.0,2.0,2.0,2.0,10.0
control,Non-VOLT,Non-VOLT_control,,5,,2023-03-01,3,10.0,2.0,3.0,3.0,5.0
control,Non-VOLT,Non-VOLT_control,,10,friendly easy talk understood wanted happy help,2023-03-01,3,9.0,8.0,9.0,9.0,9.0
control,VOLT,VOLT_control,yes,6,tryed get phone,2023-03-01,3,5.0,5.0,5.0,5.0,5.0
control,VOLT,VOLT_control,yes,10,excellent customer service,2023-03-01,3,9.0,9.0,10.0,10.0,10.0
control,VOLT,VOLT_control,yes,10,service good,2023-03-01,3,10.0,8.0,,10.0,10.0
control,VOLT,VOLT_control,yes,10,professional service,2023-03-01,3,8.0,10.0,10.0,10.0,10.0
control,VOLT,VOLT_control,yes,10,easy deal,2023-03-01,3,10.0,10.0,10.0,10.0,10.0
control,Non-VOLT,Non-VOLT_control,,1,higher speed sky connection disappointed connected tablet mobile phones via wifi rubbish signal restarted router lights wifi poor good engineer helpfull done work correctly complaint,2023-03-01,3,5.0,10.0,9.0,9.0,1.0
control,Non-VOLT,Non-VOLT_control,,0,difficult talk anyone expensive always problem many calls lots mistakes took place name dates leaving moving misleading advertising appears cheaper actually costs sorry negative however accurate reflection company however fast mostly reliable internet,2023-03-01,3,4.0,10.0,1.0,7.0,7.0
control,Non-VOLT,Non-VOLT_control,,7,explained could understand said thank lady spoke,2023-03-01,3,10.0,10.0,10.0,10.0,10.0
control,Non-VOLT,Non-VOLT_control,,9,friendly efficient help,2023-03-01,3,9.0,8.0,8.0,8.0,9.0
control,VOLT,VOLT_control,yes,9,,2023-03-01,3,,,,,
control,VOLT,VOLT_control,yes,10,always good relationship company came across unhelpful customer service employee rest history,2023-03-01,3,5.0,5.0,10.0,10.0,5.0
control,VOLT,VOLT_control,yes,10,,2023-03-01,3,10.0,5.0,5.0,10.0,10.0
control,VOLT,VOLT_control,yes,10,easy join company friendly advisor,2023-03-01,3,10.0,10.0,10.0,10.0,10.0
control,Non-VOLT,Non-VOLT_control,,9,,2023-03-01,3,8.0,10.0,8.0,10.0,9.0
control,VOLT,VOLT_control,yes,9,advisor spoke helpful explained things clearly also friendly really understood looking best help,2023-03-01,3,8.0,9.0,10.0,10.0,9.0
control,Non-VOLT,Non-VOLT_control,,7,polite could skilled providing guidance minimum amount broadband mbps working home video conferencing requires instead pretending know,2023-03-01,3,8.0,8.0,7.0,8.0,8.0
control,Non-VOLT,Non-VOLT_control,,10,impressed company decided stay sky,2023-03-01,3,0.0,0.0,10.0,10.0,10.0
control,VOLT,VOLT_control,yes,0,bad experience customer services proceeding installation,2023-03-01,3,0.0,0.0,0.0,0.0,0.0
control,Non-VOLT,Non-VOLT_control,,9,customer service new customer excellent,2023-03-01,3,9.0,9.0,9.0,9.0,9.0
control,VOLT,VOLT_control,yes,10,,2023-03-01,3,5.0,10.0,10.0,10.0,9.0
control,VOLT,VOLT_control,yes,10,,2023-03-01,3,10.0,10.0,10.0,10.0,10.0
control,VOLT,VOLT_control,yes,5,asking service company media supply connected somewhat pointless customer support staff helpful online mechanisms gave headache would certainly recommend mechanism get company media service time tells whether score increase,2023-03-01,3,5.0,5.0,9.0,9.0,5.0
control,Non-VOLT,Non-VOLT_control,,9,helpful advisor,2023-03-01,3,7.0,9.0,9.0,9.0,8.0
control,Non-VOLT,Non-VOLT_control,,10,chap dealt friendly professional efficient questions answered promptly feel reassured get good service future,2023-03-01,3,,10.0,10.0,10.0,10.0
control,VOLT,VOLT_control,yes,10,,2023-03-01,3,10.0,10.0,10.0,10.0,10.0
control,VOLT,VOLT_control,yes,4,ordered package online meant easy process online chat system told wanted change delivery address give company quick call would amended resulted hours phone customer services put different operators occasions whole order processed although explained already done online wanted change address operators trying helpful appreciate process draining hours ridiculous amount time,2023-03-01,3,6.0,5.0,2.0,8.0,7.0
control,Non-VOLT,Non-VOLT_control,,0,,2023-03-01,3,0.0,0.0,0.0,0.0,0.0
control,VOLT,VOLT_control,yes,10,friendly good customer service plus suitable product easy sign,2023-03-01,3,10.0,10.0,10.0,10.0,10.0
control,Non-VOLT,Non-VOLT_control,,10,excellent line service,2023-03-01,3,10.0,10.0,10.0,10.0,10.0
control,Non-VOLT,Non-VOLT_control,,4,promised call back change direct debit details call received,2023-03-01,3,8.0,0.0,5.0,5.0,8.0
control,VOLT,VOLT_control,yes,10,,2023-03-01,3,10.0,10.0,10.0,10.0,10.0
control,VOLT,VOLT_control,yes,10,,2023-03-01,3,10.0,10.0,10.0,10.0,10.0
control,VOLT,VOLT_control,yes,7,,2023-03-01,3,8.0,6.0,8.0,8.0,9.0
control,VOLT,VOLT_control,yes,10,extremely happy quickly got running messing like vodafone happily recommend anyone fast trouble free experience start finish thank team,2023-03-01,3,10.0,10.0,10.0,10.0,10.0
control,Non-VOLT,Non-VOLT_control,,10,,2023-03-01,3,10.0,10.0,10.0,10.0,10.0
control,Non-VOLT,Non-VOLT_control,,10,great service good price,2023-03-01,3,10.0,10.0,10.0,10.0,10.0
control,VOLT,VOLT_control,yes,10,efficient friendly proffessional experience initial phone call fitting thankyou,2023-03-01,3,10.0,10.0,10.0,10.0,10.0
control,VOLT,VOLT_control,yes,9,friendly services,2023-03-01,3,9.0,9.0,9.0,9.0,9.0
control,Non-VOLT,Non-VOLT_control,,10,simple process helpful staff,2023-03-01,3,8.0,10.0,10.0,10.0,9.0
control,Non-VOLT,Non-VOLT_control,,10,,2023-03-01,3,10.0,8.0,10.0,10.0,10.0
control,Non-VOLT,Non-VOLT_control,,0,,2023-03-01,3,3.0,8.0,0.0,10.0,0.0
control,VOLT,VOLT_control,yes,8,,2023-03-01,3,6.0,7.0,6.0,8.0,7.0
control,VOLT,VOLT_control,yes,10,marco helpful,2023-03-01,3,10.0,10.0,10.0,10.0,10.0
control,VOLT,VOLT_control,yes,10,,2023-03-01,3,10.0,10.0,10.0,10.0,10.0
control,VOLT,VOLT_control,yes,6,,2023-03-01,3,,,,,6.0
control,VOLT,VOLT_control,yes,10,,2023-03-01,3,10.0,10.0,10.0,10.0,10.0
control,VOLT,VOLT_control,yes,10,,2023-03-01,3,10.0,10.0,10.0,10.0,10.0
control,VOLT,VOLT_control,yes,10,,2023-03-01,3,10.0,10.0,10.0,10.0,10.0
control,VOLT,VOLT_control,yes,0,company told cable told cancel sky tuesday company getting set company man turnt cable wait weeks internet someone working home work daughter home schooled lessons thanks company even yet getting hassle,2023-03-01,3,0.0,0.0,0.0,6.0,0.0
control,Non-VOLT,Non-VOLT_control,,9,,2023-03-01,3,8.0,,9.0,9.0,9.0
control,Non-VOLT,Non-VOLT_control,,0,zero success support get service activated almost days without data many days,2023-03-01,3,0.0,5.0,0.0,3.0,0.0
control,Non-VOLT,Non-VOLT_control,,10,,2023-03-01,3,7.0,8.0,6.0,6.0,6.0
control,VOLT,VOLT_control,yes,10,good service made complicated thing easy,2023-03-01,3,10.0,9.0,10.0,10.0,7.0
control,VOLT,VOLT_control,yes,0,indian call centres,2023-03-01,3,0.0,0.0,10.0,10.0,5.0
control,VOLT,VOLT_control,yes,10,excellent service,2023-03-01,3,10.0,10.0,10.0,10.0,10.0
control,Non-VOLT,Non-VOLT_control,,3,confirmation procedure strange robot detection pathetic minute pictures american dialect failing consistently pass fantastic test,2023-03-01,3,8.0,8.0,8.0,8.0,8.0
control,Non-VOLT,Non-VOLT_control,,8,new customer contract cancelled without notifying box arrive called see happening wait another days box arrive,2023-03-01,3,5.0,10.0,10.0,10.0,4.0
control,VOLT,VOLT_control,yes,10,agent sally extremely helpful went extra mile,2023-03-01,3,9.0,10.0,10.0,10.0,10.0
control,Non-VOLT,Non-VOLT_control,,8,felt treated better sky,2023-03-01,3,8.0,8.0,8.0,8.0,8.0
control,VOLT,VOLT_control,yes,10,,2023-03-01,3,10.0,10.0,10.0,,10.0
control,Non-VOLT,Non-VOLT_control,,8,good customer service,2023-03-01,3,6.0,8.0,8.0,,8.0
control,VOLT,VOLT_control,yes,9,great service good price,2023-03-01,3,8.0,9.0,9.0,9.0,9.0
control,Non-VOLT,Non-VOLT_control,,10,polite efficient installation thank everything would expect company,2023-03-01,3,10.0,10.0,10.0,10.0,10.0
control,VOLT,VOLT_control,yes,10,fast service coverage,2023-03-01,3,10.0,10.0,10.0,10.0,10.0
control,VOLT,VOLT_control,yes,10,helpful,2023-03-01,3,10.0,10.0,10.0,10.0,10.0
control,VOLT,VOLT_control,yes,7,,2023-03-01,3,10.0,10.0,10.0,10.0,7.0
control,VOLT,VOLT_control,yes,9,daughters organised means communication distance return live england used went smoothly quickly,2023-03-01,3,9.0,6.0,10.0,9.0,9.0
control,Non-VOLT,Non-VOLT_control,,8,engineers helpful someone familiar technology,2023-03-01,3,8.0,6.0,9.0,,8.0
control,VOLT,VOLT_control,yes,0,absolutely awful sent two hdmi leads usb plug tele box long winded messages explaining got wrong woman said send hdmi lead need one two explained another agent apologised come home another hdmi lead seriously something wrong people jobs properly absolutely shocking borrow lead plug distributors job properly packing customer service reading message properly saying got right clearly returned company left install everything charged lot first bill shocking,2023-03-01,3,3.0,5.0,8.0,10.0,5.0
control,VOLT,VOLT_control,yes,9,enquiry resolved time thought went many unstackles,2023-03-01,3,6.0,9.0,9.0,9.0,8.0
control,VOLT,VOLT_control,yes,9,,2023-03-01,3,8.0,8.0,10.0,10.0,9.0
control,VOLT,VOLT_control,yes,10,really friendly experienced staff,2023-03-01,3,10.0,10.0,10.0,10.0,10.0
control,VOLT,VOLT_control,yes,9,clara helpful extremely patient questions,2023-03-01,3,,9.0,10.0,10.0,10.0
control,VOLT,VOLT_control,yes,9,,2023-03-01,3,9.0,9.0,9.0,9.0,9.0
control,VOLT,VOLT_control,yes,9,,2023-03-01,3,8.0,9.0,8.0,8.0,8.0
control,Non-VOLT,Non-VOLT_control,,10,,2023-03-01,3,10.0,10.0,10.0,10.0,10.0
control,Non-VOLT,Non-VOLT_control,,9,,2023-03-01,3,9.0,9.0,9.0,9.0,9.0
control,Non-VOLT,Non-VOLT_control,,9,happy price yet experience services,2023-03-01,3,5.0,10.0,10.0,10.0,10.0
control,VOLT,VOLT_control,yes,10,excellent service lovely representative mathius,2023-03-01,3,5.0,10.0,10.0,,10.0
control,VOLT,VOLT_control,yes,9,charlotta helpful,2023-03-01,3,,9.0,10.0,10.0,10.0
control,Non-VOLT,Non-VOLT_control,,7,good service engineer time tell standard products,2023-03-01,3,10.0,10.0,10.0,10.0,10.0
control,VOLT,VOLT_control,yes,8,,2023-03-01,3,8.0,8.0,8.0,9.0,8.0
control,VOLT,VOLT_control,yes,10,pleased installation even slight problems dates appointment sorted manager,2023-03-01,3,4.0,8.0,7.0,10.0,10.0
control,VOLT,VOLT_control,yes,8,quick service,2023-03-01,3,8.0,8.0,8.0,8.0,8.0
control,VOLT,VOLT_control,yes,9,scored felt really comfortable person spoke explained everything conversation ðx_x0018_,2023-03-01,3,9.0,10.0,10.0,10.0,10.0
control,VOLT,VOLT_control,yes,9,good communication skills online got wanted instalation breeze,2023-03-01,3,9.0,5.0,9.0,9.0,9.0
control,VOLT,VOLT_control,yes,8,agent helpful polite clear explanation process great help,2023-03-01,3,,8.0,9.0,10.0,5.0
control,VOLT,VOLT_control,yes,1,still connection line fault since 24th able connect since getting system,2023-03-01,3,0.0,0.0,6.0,8.0,4.0
control,VOLT,VOLT_control,yes,10,helpful easy talk pushy get commit good deals willing call back free patent deciding deal wanted explained everything needed know,2023-03-01,3,10.0,10.0,10.0,10.0,10.0
control,Non-VOLT,Non-VOLT_control,,3,blitzed calls company media week ring back one time account could found time call nobody find log called reason call impressed continues possibly cancel order enough enough,2023-03-01,3,4.0,0.0,3.0,5.0,3.0
control,Non-VOLT,Non-VOLT_control,,10,professional kind great customer service engineer,2023-03-01,3,8.0,8.0,8.0,8.0,8.0
control,Non-VOLT,Non-VOLT_control,,10,engineer came installation phenomenal,2023-03-01,3,10.0,10.0,10.0,10.0,10.0
control,Non-VOLT,Non-VOLT_control,,10,phone company media behalf cousin got broadband company media quick sending box could get connected company media sent engineer next day thank company media,2023-03-01,3,10.0,10.0,10.0,10.0,10.0
control,Non-VOLT,Non-VOLT_control,,3,offered package gem including netflix accepted phone email came netflix despite repeated phone calls company told could added texts gem's mobile number went unanswered already given notice sky stuck installation tomorrow terrible service,2023-03-01,3,5.0,5.0,0.0,5.0,1.0
control,VOLT,VOLT_control,yes,7,ally helpful joined encountered issue kindly resolved,2023-03-01,3,9.0,5.0,5.0,5.0,9.0
control,VOLT,VOLT_control,yes,7,good internet moment,2023-03-01,3,10.0,6.0,7.0,7.0,7.0
control,Non-VOLT,Non-VOLT_control,,8,polite knowledgeable call staff explained everything really,2023-03-01,3,5.0,9.0,10.0,10.0,9.0
control,VOLT,VOLT_control,yes,7,joined newly requested change package realised phone line included agent attended well charge email kept sending earlier package must improve,2023-03-01,3,5.0,7.0,10.0,10.0,6.0
control,VOLT,VOLT_control,yes,10,,2023-03-01,3,10.0,10.0,10.0,10.0,10.0
control,VOLT,VOLT_control,yes,8,two helpful ladies,2023-03-01,3,10.0,8.0,10.0,10.0,7.0
control,Non-VOLT,Non-VOLT_control,,10,,2023-04-01,4,10.0,10.0,10.0,10.0,10.0
control,VOLT,VOLT_control,yes,10,,2023-04-01,4,10.0,10.0,10.0,10.0,8.0
control,Non-VOLT,Non-VOLT_control,,6,,2023-04-01,4,5.0,5.0,6.0,6.0,5.0
control,Non-VOLT,Non-VOLT_control,,9,process pretty easy,2023-04-01,4,9.0,8.0,8.0,9.0,8.0
control,VOLT,VOLT_control,yes,4,took one half hours sign yrs old found experience exhausting,2023-04-01,4,8.0,4.0,4.0,6.0,5.0
control,Non-VOLT,Non-VOLT_control,,9,informative,2023-04-01,4,,,10.0,10.0,9.0
control,Non-VOLT,Non-VOLT_control,,8,relatively straightforward,2023-04-01,4,7.0,5.0,7.0,8.0,7.0
control,VOLT,VOLT_control,yes,6,choice options unhelpful difficult find options wanted received different sets documents text message set email get things really want need make cost bearable,2023-04-01,4,5.0,5.0,5.0,7.0,1.0
control,Non-VOLT,Non-VOLT_control,,10,adviser friendly helpful,2023-04-01,4,10.0,6.0,10.0,10.0,10.0
control,VOLT,VOLT_control,yes,8,receiving order company efficient preparing broadband installation,2023-04-01,4,9.0,8.0,9.0,9.0,9.0
control,Non-VOLT,Non-VOLT_control,,10,13th march ordered supanet contacted 3rd april found could expect broadband answers immediately cancelled order contacted company sales spoke helpful gentleman informed company would running days 5th april immediately confirmed order today wednesday 5th april received parcel company broadband connected well done company excellent service,2023-04-01,4,10.0,10.0,10.0,10.0,10.0
control,Non-VOLT,Non-VOLT_control,,9,angie explained well,2023-04-01,4,8.0,10.0,10.0,10.0,9.0
control,VOLT,VOLT_control,yes,0,let add referral link set,2023-04-01,4,0.0,0.0,0.0,0.0,0.0
control,Non-VOLT,Non-VOLT_control,,10,made choice company supplied new home lucky enough niccy phone young person sometimes one get confused technology explained everything great detail credit company thank much received kit yet sure way,2023-04-01,4,5.0,10.0,10.0,10.0,10.0
control,VOLT,VOLT_control,yes,3,registering volt m250 broadband plus sim received pre contract css correct details message said 'you bought m50 plus landline took hour phone customer services correct last message got said 'let's lock in' although attached css contract correct m250 entry different pre contract css fee added hub listed broadband services missing details minimum speeds expect etc contacted customer services asked rectify errors send amended contract got message first bill still waiting amended contract,2023-04-01,4,,,,,7.0
control,Non-VOLT,Non-VOLT_control,,9,easy setup call handler helpful,2023-04-01,4,9.0,10.0,10.0,10.0,9.0
control,Non-VOLT,Non-VOLT_control,,10,friendly knew,2023-04-01,4,10.0,10.0,10.0,10.0,10.0
control,Non-VOLT,Non-VOLT_control,,10,,2023-04-01,4,8.0,8.0,8.0,8.0,8.0
control,Non-VOLT,Non-VOLT_control,,9,good service,2023-04-01,4,9.0,9.0,9.0,10.0,9.0
control,Non-VOLT,Non-VOLT_control,,9,,2023-04-01,4,,10.0,10.0,10.0,10.0
control,VOLT,VOLT_control,yes,10,happy everythin,2023-04-01,4,10.0,10.0,10.0,10.0,10.0
control,VOLT,VOLT_control,yes,0,agent set account said would give free netflix never telephone hours different agents try resolve new account receive agent said would give signing new contract beyond comprehension staff fundamentally dishonest hours speaking different people honest clue talking finally got agent called cory eventually tried sort total mess disappointed sky years problems wanted leave cost day someone appeared door said would like put cable unaware anyone coming put cable communication agents customers total unacceptable,2023-04-01,4,1.0,0.0,1.0,2.0,1.0
control,VOLT,VOLT_control,yes,10,,2023-04-01,4,10.0,10.0,10.0,10.0,10.0
control,VOLT,VOLT_control,yes,8,ordered package company running 22nd april need see good give top marks,2023-04-01,4,5.0,10.0,10.0,10.0,8.0
control,VOLT,VOLT_control,yes,9,everyone extremely helpful,2023-04-01,4,8.0,9.0,10.0,10.0,10.0
control,Non-VOLT,Non-VOLT_control,,10,,2023-04-01,4,10.0,10.0,9.0,9.0,10.0
control,VOLT,VOLT_control,yes,8,,2023-04-01,4,10.0,6.0,8.0,10.0,8.0
control,VOLT,VOLT_control,yes,8,,2023-04-01,4,8.0,8.0,8.0,8.0,9.0
control,Non-VOLT,Non-VOLT_control,,10,first contact important signing new service signing felt friendly professional way,2023-04-01,4,10.0,10.0,10.0,10.0,10.0
control,Non-VOLT,Non-VOLT_control,,8,broadband package tempting customer service excellent,2023-04-01,4,5.0,9.0,8.0,7.0,6.0
control,VOLT,VOLT_control,yes,10,due outstanding customer service shown company rep called clara delivered customer satisfaction master class sending email praise coming days,2023-04-01,4,10.0,8.0,10.0,10.0,10.0
control,VOLT,VOLT_control,yes,8,good response,2023-04-01,4,,8.0,8.0,8.0,8.0
control,Non-VOLT,Non-VOLT_control,,10,,2023-04-01,4,10.0,10.0,10.0,10.0,10.0
control,Non-VOLT,Non-VOLT_control,,8,,2023-04-01,4,10.0,10.0,10.0,10.0,10.0
control,Non-VOLT,Non-VOLT_control,,0,,2023-04-01,4,0.0,0.0,0.0,0.0,0.0
control,Non-VOLT,Non-VOLT_control,,9,,2023-04-01,4,10.0,10.0,10.0,10.0,10.0
control,Non-VOLT,Non-VOLT_control,,10,,2023-04-01,4,8.0,8.0,8.0,8.0,7.0
control,Non-VOLT,Non-VOLT_control,,8,person talked going happen patient talked happening,2023-04-01,4,,10.0,10.0,10.0,7.0
control,Non-VOLT,Non-VOLT_control,,6,strange company,2023-04-01,4,5.0,8.0,8.0,8.0,6.0
control,VOLT,VOLT_control,yes,10,hardworking punctual quits carried work,2023-04-01,4,10.0,10.0,10.0,10.0,10.0
control,Non-VOLT,Non-VOLT_control,,10,helpful pleasant polite made sure understood contract,2023-04-01,4,10.0,10.0,10.0,10.0,10.0
control,Non-VOLT,Non-VOLT_control,,10,polite professional people sorted package,2023-04-01,4,10.0,10.0,10.0,10.0,10.0
control,VOLT,VOLT_control,yes,0,agreed yet bombarded emails cannot reply setting direct debits without knowledge,2023-04-01,4,0.0,0.0,0.0,0.0,0.0
control,Non-VOLT,Non-VOLT_control,,0,experience trying cancel contract 14day cool awful overseas call centre rude unhelpful,2023-04-01,4,,,,,
control,Non-VOLT,Non-VOLT_control,,10,engineer attended house friendly great sense humour,2023-04-01,4,10.0,10.0,10.0,10.0,8.0
control,Non-VOLT,Non-VOLT_control,,9,good never give anything,2023-04-01,4,5.0,9.0,9.0,9.0,8.0
control,VOLT,VOLT_control,yes,0,want cancel allow,2023-04-01,4,0.0,0.0,0.0,0.0,0.0
control,Non-VOLT,Non-VOLT_control,,0,keep sending emails even delete want answer,2023-04-01,4,0.0,0.0,0.0,0.0,0.0
control,VOLT,VOLT_control,yes,8,good range products affordable prices,2023-04-01,4,9.0,10.0,8.0,9.0,5.0
control,Non-VOLT,Non-VOLT_control,,10,lady nice phone know much internet,2023-04-01,4,10.0,10.0,10.0,10.0,10.0
control,VOLT,VOLT_control,yes,7,rep talked far quickly take everything keep stopping got end,2023-04-01,4,,3.0,10.0,10.0,8.0
control,VOLT,VOLT_control,yes,10,good communication easy solve net problem helpful attitude,2023-04-01,4,9.0,9.0,10.0,9.0,9.0
control,Non-VOLT,Non-VOLT_control,,10,agent engineer superb installation super quick great service,2023-04-01,4,10.0,10.0,8.0,8.0,10.0
control,Non-VOLT,Non-VOLT_control,,10,installation man good,2023-04-01,4,10.0,10.0,10.0,10.0,10.0
control,Non-VOLT,Non-VOLT_control,,9,customer service great engineer lucas brilliant credit companyðxü ðx_x0018_,2023-04-01,4,10.0,10.0,9.0,10.0,5.0
control,VOLT,VOLT_control,yes,9,helpful customer service rosie total star easy install setup,2023-04-01,4,9.0,10.0,10.0,10.0,10.0
control,VOLT,VOLT_control,yes,10,called join new customer moving new property process buying spoke marco extremely useful assisted first selecting package followed contacting seller prompt let company know switching service property called back confirmed seller exchange dates week later using mark's number provided mark remembered conversation week ago despite speaking many people time mark provided absolute pristine customer service without mark's assistance first call never know whether would continued company looked options thank,2023-04-01,4,10.0,10.0,10.0,10.0,10.0
control,Non-VOLT,Non-VOLT_control,,10,polite friendly,2023-04-01,4,10.0,10.0,10.0,10.0,10.0
control,Non-VOLT,Non-VOLT_control,,0,poor customer service told twice get call back nothing happened website says sky channels sky sports misleading customers,2023-04-01,4,8.0,5.0,4.0,4.0,3.0
control,VOLT,VOLT_control,yes,10,good lady phone today,2023-04-01,4,10.0,10.0,10.0,10.0,5.0
control,VOLT,VOLT_control,yes,10,,2023-04-01,4,10.0,10.0,10.0,10.0,10.0
control,Non-VOLT,Non-VOLT_control,,9,competent representative guide joining companyia media,2023-04-01,4,8.0,8.0,10.0,10.0,9.0
control,VOLT,VOLT_control,yes,2,although initial inquiry smooth problems arisen ongoing,2023-04-01,4,0.0,4.0,8.0,8.0,3.0
control,Non-VOLT,Non-VOLT_control,,10,,2023-04-01,4,0.0,5.0,8.0,7.0,8.0
control,Non-VOLT,Non-VOLT_control,,10,excellent service politeness,2023-04-01,4,10.0,10.0,10.0,10.0,10.0
control,VOLT,VOLT_control,yes,10,guy came install company media home pleasant helpful would recommend company media friends family,2023-04-01,4,10.0,10.0,10.0,10.0,10.0
control,Non-VOLT,Non-VOLT_control,,10,good friendly service quick easy,2023-04-01,4,10.0,10.0,10.0,10.0,10.0
control,VOLT,VOLT_control,yes,10,good value reasonable prices,2023-04-01,4,10.0,10.0,10.0,10.0,10.0
control,Non-VOLT,Non-VOLT_control,,9,excellent service offed front desk,2023-04-01,4,10.0,10.0,9.0,10.0,9.0
control,Non-VOLT,Non-VOLT_control,,10,helpful positive response rang set broadband thank,2023-04-01,4,8.0,9.0,10.0,10.0,8.0
control,Non-VOLT,Non-VOLT_control,,10,friendly knowledgeable,2023-04-01,4,10.0,10.0,10.0,10.0,10.0
control,Non-VOLT,Non-VOLT_control,,1,much pressure join cancelled,2023-04-01,4,,,0.0,0.0,0.0
control,Non-VOLT,Non-VOLT_control,,10,jake representative company simply beyond helpful done everything ease,2023-04-01,4,10.0,10.0,10.0,10.0,10.0
control,Non-VOLT,Non-VOLT_control,,8,good customer service,2023-04-01,4,8.0,8.0,8.0,8.0,8.0
control,VOLT,VOLT_control,yes,10,keep sending messages completely different person tell equipment delivered emails totally wrong price impressed know,2023-04-01,4,10.0,10.0,10.0,10.0,10.0
control,VOLT,VOLT_control,yes,10,efficient friendly service,2023-04-01,4,10.0,10.0,10.0,10.0,10.0
control,Non-VOLT,Non-VOLT_control,,10,fast good,2023-04-01,4,10.0,10.0,10.0,10.0,10.0
control,Non-VOLT,Non-VOLT_control,,2,cut internet asked router sent tracker shows,2023-04-01,4,5.0,5.0,6.0,5.0,3.0
control,VOLT,VOLT_control,yes,9,happy service employees telephone engineer installed equipment seems getting money,2023-04-01,4,10.0,10.0,10.0,10.0,10.0
control,Non-VOLT,Non-VOLT_control,,10,helpful friendly intelligent skilful nice gentleman,2023-04-01,4,10.0,10.0,10.0,10.0,10.0
control,Non-VOLT,Non-VOLT_control,,5,,2023-04-01,4,1.0,5.0,10.0,10.0,5.0
control,VOLT,VOLT_control,yes,10,help full got great deal can't wait install broadband,2023-04-01,4,,10.0,10.0,10.0,10.0
control,Non-VOLT,Non-VOLT_control,,0,keep sending messages completely different person tell equipment delivered emails totally wrong price impressed know,2023-04-01,4,0.0,0.0,5.0,5.0,5.0
control,VOLT,VOLT_control,yes,10,excellent advice contact centre prompt contact installation agents day order placed,2023-04-01,4,10.0,7.0,10.0,10.0,7.0
control,VOLT,VOLT_control,yes,10,niccy answered number absolutely brilliant helped every single way possibly could resolved issues facing regards installation please make sure aptly rewarded service impeccable,2023-04-01,4,10.0,8.0,10.0,10.0,10.0
control,Non-VOLT,Non-VOLT_control,,10,,2023-04-01,4,10.0,10.0,10.0,10.0,10.0
control,Non-VOLT,Non-VOLT_control,,10,excellent service get gent spoke phone guy installation superb remember name though,2023-04-01,4,10.0,10.0,10.0,10.0,10.0
control,VOLT,VOLT_control,yes,3,ever since signing nothing pain trying sort sim card company didnt seem understand get seamlessly existing sim card new one signed make new email adresses things got sent sim cards wrong ordeal trying get company understand sutuation didnt know sort charged thats person spoke even audacity try sell big multi sim card deal want one one signed sent top eventually spoke sound,2023-04-01,4,8.0,8.0,8.0,8.0,8.0
control,Non-VOLT,Non-VOLT_control,,9,,2023-04-01,4,9.0,5.0,9.0,8.0,10.0
control,Non-VOLT,Non-VOLT_control,,0,ordered thursday 20th april sent confirmation delivery monday 24th delivery late called friday 28th informed order gone order phone another credit check soonest delivery tuesday 2nd may,2023-04-01,4,0.0,10.0,8.0,8.0,10.0
control,Non-VOLT,Non-VOLT_control,,9,,2023-05-01,5,10.0,10.0,10.0,10.0,9.0
control,Non-VOLT,Non-VOLT_control,,10,,2023-05-01,5,10.0,10.0,10.0,10.0,10.0
control,Non-VOLT,Non-VOLT_control,,10,adaptable patient helpful,2023-05-01,5,10.0,9.0,10.0,10.0,9.0
control,Non-VOLT,Non-VOLT_control,,7,agent polite helpful wondering sent contract papers details promised also like remind one month free plus six months,2023-05-01,5,10.0,10.0,9.0,9.0,8.0
control,VOLT,VOLT_control,yes,10,helpful,2023-05-01,5,,,10.0,10.0,10.0
control,VOLT,VOLT_control,yes,6,impressed broadband deal promised 10g data also told would hard searches credit record true either,2023-05-01,5,5.0,7.0,3.0,8.0,7.0
control,VOLT,VOLT_control,yes,9,good price reason guess months want charge shall back sky mad done,2023-05-01,5,9.0,10.0,10.0,10.0,10.0
control,Non-VOLT,Non-VOLT_control,,10,really really helpful,2023-05-01,5,10.0,10.0,10.0,10.0,10.0
control,Non-VOLT,Non-VOLT_control,,10,customer service excellent,2023-05-01,5,10.0,10.0,10.0,10.0,10.0
control,Non-VOLT,Non-VOLT_control,,9,requirements met courtesy helpfulness promptness informed needed know,2023-05-01,5,,9.0,9.0,9.0,9.0
control,VOLT,VOLT_control,yes,10,,2023-05-01,5,10.0,10.0,10.0,10.0,10.0
control,Non-VOLT,Non-VOLT_control,,10,agent helpful setting new broadband true gent,2023-05-01,5,10.0,10.0,10.0,10.0,10.0
control,Non-VOLT,Non-VOLT_control,,10,friendly staff accommodating,2023-05-01,5,10.0,5.0,9.0,9.0,9.0
control,VOLT,VOLT_control,yes,10,pleased detailed information quick efficient service,2023-05-01,5,9.0,10.0,10.0,10.0,10.0
control,VOLT,VOLT_control,yes,10,price better sky better broadband speed easy transition agent great sales assistant instalation date quick happy service looking forward company package,2023-05-01,5,10.0,10.0,10.0,10.0,10.0
control,Non-VOLT,Non-VOLT_control,,0,,2023-05-01,5,0.0,0.0,9.0,9.0,5.0
control,Non-VOLT,Non-VOLT_control,,5,,2023-05-01,5,6.0,6.0,5.0,7.0,4.0
control,Non-VOLT,Non-VOLT_control,,10,gentleman jack kindly got good priced package explained everything well,2023-05-01,5,10.0,10.0,,,
control,VOLT,VOLT_control,yes,8,,2023-05-01,5,9.0,9.0,9.0,9.0,8.0
control,Non-VOLT,Non-VOLT_control,,7,good service trying get talk human person really hhard people use use good english therefore easy communicate,2023-05-01,5,4.0,8.0,7.0,9.0,7.0
control,VOLT,VOLT_control,yes,7,package looks competitive opted support company representative missed voucher offer good also referrer struggling access account password reset working,2023-05-01,5,7.0,8.0,8.0,9.0,9.0
control,Non-VOLT,Non-VOLT_control,,0,router cover whole house computer back house ran slow also would need keep answer phone hive hub front room good rang cancel told least day delay going pay even though cancelling next day activation service also told high connection charge case registered service told would connection charge pointed telephone operator checked agreed connection charge would paying service next seven days least happy used service two days day activated day cancelled wed 3rd may thursday 4th may even connect use company box,2023-05-01,5,2.0,0.0,7.0,10.0,1.0
control,Non-VOLT,Non-VOLT_control,,4,long installation times misleading text messages,2023-05-01,5,3.0,10.0,3.0,3.0,3.0
control,VOLT,VOLT_control,yes,10,,2023-05-01,5,10.0,10.0,10.0,10.0,10.0
control,Non-VOLT,Non-VOLT_control,,9,,2023-05-01,5,8.0,8.0,8.0,8.0,8.0
control,Non-VOLT,Non-VOLT_control,,8,easy process although questions times original contact never got touch said would hopefully installed great experience,2023-05-01,5,9.0,9.0,9.0,9.0,9.0
control,VOLT,VOLT_control,yes,8,,2023-05-01,5,,9.0,10.0,10.0,10.0
control,Non-VOLT,Non-VOLT_control,,9,best broadband,2023-05-01,5,10.0,10.0,10.0,10.0,9.0
control,VOLT,VOLT_control,yes,10,helpful reliable stick work man answered request caring efficient say wifi installed another weeks used company media years,2023-05-01,5,10.0,,10.0,10.0,10.0
control,VOLT,VOLT_control,yes,9,,2023-05-01,5,9.0,9.0,9.0,9.0,9.0
control,Non-VOLT,Non-VOLT_control,,1,,2023-05-01,5,0.0,0.0,1.0,1.0,2.0
control,VOLT,VOLT_control,yes,10,good service much cheaper sky,2023-05-01,5,10.0,10.0,10.0,10.0,10.0
control,Non-VOLT,Non-VOLT_control,,10,good internet connection,2023-05-01,5,10.0,10.0,10.0,10.0,10.0
control,VOLT,VOLT_control,yes,10,,2023-05-01,5,10.0,10.0,10.0,10.0,10.0
control,Non-VOLT,Non-VOLT_control,,10,agent helpful start finish made sure got right package best price,2023-05-01,5,10.0,10.0,10.0,10.0,10.0
control,VOLT,VOLT_control,yes,7,easy speak one problem,2023-05-01,5,5.0,7.0,7.0,9.0,5.0
control,Non-VOLT,Non-VOLT_control,,3,poor customer care told wait engineer day nobody arrived call tell going happen,2023-05-01,5,5.0,7.0,10.0,10.0,9.0
control,Non-VOLT,Non-VOLT_control,,10,agent came polite helpful although told phone boxes wires house quick set allocated enough time stayed solved problem explained everything worked,2023-05-01,5,10.0,10.0,10.0,10.0,10.0
control,Non-VOLT,Non-VOLT_control,,0,customer service awful really need ditch overseas call centers kindness understanding voice long way feel contempt operator voices sniggering laughing say cannot understnd saying feels intentional cannot quite get words due strong accents saving grace physical connection stability thankfully connection quality good rarely ever thank goodness contact call centers would touch barge pole otherwise take look broadband whos operators absolutely marvellous lessons learned brushed carpet haha,2023-05-01,5,9.0,0.0,1.0,2.0,1.0
control,VOLT,VOLT_control,yes,5,,2023-05-01,5,7.0,7.0,5.0,7.0,5.0
control,Non-VOLT,Non-VOLT_control,,10,polite engineer consulted every step patient,2023-05-01,5,10.0,10.0,10.0,10.0,10.0
control,Non-VOLT,Non-VOLT_control,,10,,2023-05-01,5,5.0,3.0,10.0,10.0,10.0
control,Non-VOLT,Non-VOLT_control,,8,helpful informant,2023-05-01,5,,7.0,9.0,9.0,8.0
control,Non-VOLT,Non-VOLT_control,,10,,2023-05-01,5,10.0,10.0,10.0,10.0,10.0
control,VOLT,VOLT_control,yes,10,engineer visited install cable exceptionally good personable good communicator importantly stop installation faced obstructions rather overcame obstructions ensure installation completed elaborate hedge wall cable come modern day engineers would stop job point cite hedge obstruction stevie got hedge ensure job got done really impressed,2023-05-01,5,10.0,10.0,10.0,10.0,10.0
control,Non-VOLT,Non-VOLT_control,,10,polite helpful phone staff reached made extra effort call back help move internet address even requested knew reach searching post code next address via company media website went way help change account details well kind,2023-05-01,5,10.0,10.0,10.0,10.0,10.0
control,VOLT,VOLT_control,yes,10,fantastic customer experience,2023-05-01,5,10.0,10.0,10.0,10.0,10.0
control,Non-VOLT,Non-VOLT_control,,0,,2023-05-01,5,0.0,0.0,0.0,0.0,0.0
control,VOLT,VOLT_control,yes,10,quick prompt friendly service,2023-05-01,5,10.0,10.0,10.0,10.0,10.0
control,Non-VOLT,Non-VOLT_control,,10,colleague called polite professional efficient would recommend company anyone knew one setting,2023-05-01,5,5.0,5.0,10.0,10.0,8.0
control,Non-VOLT,Non-VOLT_control,,10,,2023-05-01,5,10.0,10.0,10.0,10.0,10.0
control,Non-VOLT,Non-VOLT_control,,10,lady rang promised helpful friendly,2023-05-01,5,10.0,10.0,10.0,10.0,10.0
control,Non-VOLT,Non-VOLT_control,,9,,2023-05-01,5,10.0,10.0,10.0,10.0,7.0
control,Non-VOLT,Non-VOLT_control,,0,call company everyday spoke least different people different departments time explain situation one member said yes activate internet different department got department said done manager available talk told activation happen different dates due companys delays caused loose wages work work home rely internet work son disabled uses internet communicate days non communication far speaking suppliers cancelling company within 30day cooling period circumstances recommend company publishing experience social media need get departments organised leadership needs held accountable staff clearly need adequate training,2023-05-01,5,0.0,0.0,0.0,0.0,0.0
control,VOLT,VOLT_control,yes,10,james helpful help get best package family can't wait 31st may full installation wish sooner,2023-05-01,5,10.0,10.0,10.0,10.0,10.0
control,VOLT,VOLT_control,yes,9,service fabulous,2023-05-01,5,10.0,10.0,9.0,9.0,9.0
control,Non-VOLT,Non-VOLT_control,,10,everything made extremely clear agent dealt polite friendly promised call back actually planned,2023-05-01,5,10.0,10.0,10.0,10.0,10.0
control,Non-VOLT,Non-VOLT_control,,10,helpful agent clearly stated everything needed know took whole process polite professional manner stating service would start expect equipment,2023-05-01,5,9.0,8.0,10.0,10.0,9.0
control,Non-VOLT,Non-VOLT_control,,10,,2023-05-01,5,10.0,10.0,10.0,10.0,10.0
control,Non-VOLT,Non-VOLT_control,,10,polite helpful got speak somebody,2023-05-01,5,6.0,5.0,10.0,10.0,10.0
control,Non-VOLT,Non-VOLT_control,,8,,2023-05-01,5,7.0,7.0,7.0,7.0,7.0
control,VOLT,VOLT_control,yes,6,found service far good however research services evaluation company customer service responding issues quite poor worries reserve judgement,2023-05-01,5,10.0,7.0,10.0,10.0,8.0
control,Non-VOLT,Non-VOLT_control,,10,customer service excellent customer thats left crawling back haha,2023-05-01,5,10.0,10.0,10.0,10.0,10.0
control,VOLT,VOLT_control,yes,9,man spoke polite helpful,2023-05-01,5,5.0,5.0,9.0,8.0,8.0
control,VOLT,VOLT_control,yes,10,fantastic customer service,2023-05-01,5,10.0,10.0,10.0,10.0,10.0
control,Non-VOLT,Non-VOLT_control,,10,coz davie lovely great salesman local hope maintain excellent customer service given call previous customer company customer service absolutely pants,2023-05-01,5,5.0,10.0,10.0,10.0,10.0
control,VOLT,VOLT_control,yes,8,friendly patient staff assist always kept informed going times great service,2023-05-01,5,5.0,7.0,10.0,10.0,7.0
control,Non-VOLT,Non-VOLT_control,,10,great value money friendly helpful customer service installation yet comment much far good,2023-05-01,5,5.0,10.0,10.0,10.0,10.0
control,VOLT,VOLT_control,yes,10,,2023-05-01,5,10.0,10.0,10.0,10.0,10.0
control,Non-VOLT,Non-VOLT_control,,10,customer service excellent polite extremely helpful,2023-05-01,5,10.0,10.0,10.0,10.0,10.0
control,Non-VOLT,Non-VOLT_control,,10,angie's customer service excellent took options clear comprehensive way made sure things got sorted really quickly super friendly talk,2023-05-01,5,10.0,10.0,10.0,10.0,10.0
control,Non-VOLT,Non-VOLT_control,,10,technician excellent,2023-05-01,5,4.0,6.0,4.0,7.0,10.0
control,VOLT,VOLT_control,yes,10,customer years always good service,2023-05-01,5,10.0,10.0,10.0,10.0,10.0
control,VOLT,VOLT_control,yes,10,representative helpful gave good advice understood needs,2023-05-01,5,10.0,10.0,10.0,10.0,10.0
control,Non-VOLT,Non-VOLT_control,,10,excellent service,2023-05-01,5,10.0,10.0,10.0,10.0,10.0
control,Non-VOLT,Non-VOLT_control,,10,quick easy set,2023-05-01,5,10.0,10.0,10.0,10.0,10.0
control,Non-VOLT,Non-VOLT_control,,10,good customer service,2023-05-01,5,10.0,7.0,10.0,10.0,6.0
control,Non-VOLT,Non-VOLT_control,,9,,2023-05-01,5,10.0,10.0,10.0,10.0,10.0
control,VOLT,VOLT_control,yes,3,called took items need tried cancel part poor reduction removing item went cancel could understand call handler ask repeat said back still cancelled hope get british native speaker next time,2023-05-01,5,,5.0,8.0,8.0,4.0
control,VOLT,VOLT_control,yes,10,,2023-05-01,5,10.0,10.0,10.0,10.0,10.0
control,Non-VOLT,Non-VOLT_control,,10,,2023-05-01,5,10.0,10.0,10.0,10.0,10.0
control,Non-VOLT,Non-VOLT_control,,10,good customer service polite staff,2023-05-01,5,10.0,10.0,10.0,10.0,10.0
control,Non-VOLT,Non-VOLT_control,,10,lady helped name clara absolutely wonder explained everything delight speak please thank tell enjoyed chat,2023-05-01,5,8.0,8.0,10.0,10.0,10.0
control,Non-VOLT,Non-VOLT_control,,10,experience really good price bit expensive good experience company media far engineer came address professional friendly really good job running wires nice tidy exactly wanted,2023-05-01,5,9.0,8.0,9.0,8.0,8.0
control,Non-VOLT,Non-VOLT_control,,10,good service,2023-05-01,5,10.0,10.0,10.0,10.0,10.0
control,Non-VOLT,Non-VOLT_control,,10,mat incredibly helpful friendly made feel ease trying decide going pressure laid facts remained friendly called engineer come spoke cary also incredibly helpful booked someone within day polite talkative finally came colleague whos name unable get install great made process easy understand process even helped cable know damaged start end process excellent special thank helped,2023-05-01,5,10.0,10.0,10.0,10.0,10.0
control,Non-VOLT,Non-VOLT_control,,7,,2023-05-01,5,8.0,9.0,10.0,10.0,8.0
control,Non-VOLT,Non-VOLT_control,,10,best technician ever met professional gentle person calm cool personality even though delay opening door waited patiently cool overall installation went fast perfectly thank providing professionals good character rather providers one point right sheets,2023-05-01,5,10.0,8.0,10.0,10.0,10.0
control,VOLT,VOLT_control,yes,9,person spoke extremely helpful informative package purchased improvement deal getting another provider,2023-05-01,5,9.0,9.0,9.0,10.0,9.0
control,VOLT,VOLT_control,yes,10,ellie nice easygoing funny,2023-05-01,5,10.0,10.0,10.0,10.0,8.0
control,VOLT,VOLT_control,yes,10,proactive called added basket saved call next day filled request information outside house cabling contractor arrived hours later fit cable unbelievable service,2023-05-01,5,5.0,10.0,10.0,8.0,10.0
control,VOLT,VOLT_control,yes,10,friendly quick service,2023-05-01,5,10.0,10.0,10.0,10.0,10.0
control,Non-VOLT,Non-VOLT_control,,10,engineer came help installation abbie went beyond understand wanted setup make sure everything done properly happy service,2023-05-01,5,8.0,6.0,8.0,8.0,8.0
control,VOLT,VOLT_control,yes,9,,2023-06-01,6,8.0,8.0,8.0,8.0,9.0
control,Non-VOLT,Non-VOLT_control,,9,reason following joining company subsequent next day company team fitted equipment outside cottage newtongrange thankyou much promt service one small complaint difficulty obtaining due financial reward sincerely,2023-06-01,6,10.0,10.0,8.0,10.0,8.0
control,VOLT,VOLT_control,yes,9,friendly helpful,2023-06-01,6,,9.0,9.0,10.0,9.0
control,Non-VOLT,Non-VOLT_control,,10,super quick responsive helpful great customer service thank,2023-06-01,6,10.0,10.0,10.0,10.0,10.0
control,VOLT,VOLT_control,yes,8,angie extremely helpful helped choose right package needs think,2023-06-01,6,9.0,8.0,9.0,9.0,9.0
control,VOLT,VOLT_control,yes,9,great service sales consultant great deal offered,2023-06-01,6,9.0,9.0,9.0,9.0,9.0
control,Non-VOLT,Non-VOLT_control,,10,speed awesome shut customer services excellent staff highly cooperative,2023-06-01,6,10.0,10.0,10.0,10.0,10.0
control,Non-VOLT,Non-VOLT_control,,10,efficient courteous staff good service prices glad board john,2023-06-01,6,10.0,10.0,10.0,10.0,10.0
control,VOLT,VOLT_control,yes,10,,2023-06-01,6,10.0,10.0,10.0,10.0,10.0
control,Non-VOLT,Non-VOLT_control,,9,easy set good price,2023-06-01,6,10.0,9.0,10.0,10.0,9.0
control,Non-VOLT,Non-VOLT_control,,10,fast internet,2023-06-01,6,9.0,10.0,10.0,10.0,6.0
control,Non-VOLT,Non-VOLT_control,,9,,2023-06-01,6,5.0,10.0,10.0,10.0,10.0
control,Non-VOLT,Non-VOLT_control,,0,cant get box work,2023-06-01,6,0.0,10.0,10.0,10.0,10.0
control,Non-VOLT,Non-VOLT_control,,10,helpful efficient service competitive broadband package,2023-06-01,6,10.0,10.0,10.0,10.0,10.0
control,VOLT,VOLT_control,yes,0,terrible customer service week later wifi still set nobody contacted since said would sorted within hrs someone would call,2023-06-01,6,0.0,5.0,0.0,0.0,0.0
control,Non-VOLT,Non-VOLT_control,,10,good customer service agent found really good deal lot better getting sky,2023-06-01,6,10.0,10.0,10.0,10.0,10.0
control,VOLT,VOLT_control,yes,0,,2023-06-01,6,0.0,,,,
control,Non-VOLT,Non-VOLT_control,,10,reson one emplyee rosie helped going extra mile phone ranking lady online sale department performance good,2023-06-01,6,7.0,10.0,10.0,10.0,8.0
pilot,VOLT,VOLT_pilot,yes,10,,2023-01-03,1,,10.0,10.0,10.0,10.0
pilot,VOLT,VOLT_pilot,yes,8,,2023-01-03,1,8.0,8.0,8.0,8.0,7.0
pilot,Non-VOLT,Non-VOLT_pilot,,9,,2023-01-03,1,8.0,10.0,9.0,9.0,9.0
pilot,Non-VOLT,Non-VOLT_pilot,,7,,2023-01-03,1,7.0,7.0,7.0,7.0,8.0
pilot,VOLT,VOLT_pilot,yes,7,prompt service,2023-01-03,1,7.0,6.0,7.0,7.0,7.0
pilot,Non-VOLT,Non-VOLT_pilot,,10,,2023-01-03,1,7.0,5.0,9.0,10.0,7.0
pilot,Non-VOLT,Non-VOLT_pilot,,10,young man visited set internet respectful informative knowledgeable,2023-01-03,1,10.0,10.0,10.0,10.0,10.0
pilot,Non-VOLT,Non-VOLT_pilot,,0,internet working team pushy despite put account details talk someone phone repeat frustrating soul destroying experience,2023-01-03,1,0.0,2.0,0.0,0.0,0.0
pilot,Non-VOLT,Non-VOLT_pilot,,8,,2023-01-03,1,5.0,8.0,10.0,10.0,8.0
pilot,VOLT,VOLT_pilot,yes,5,,2023-01-03,1,8.0,8.0,8.0,8.0,8.0
pilot,VOLT,VOLT_pilot,yes,10,,2023-01-03,1,10.0,10.0,10.0,10.0,10.0
pilot,VOLT,VOLT_pilot,yes,10,good service,2023-01-03,1,9.0,9.0,9.0,9.0,9.0
pilot,Non-VOLT,Non-VOLT_pilot,,7,gave setting broadband package one employer's team going payments bundle tried charge set fee new free could say mistake wit's pointed free charge would charged bill let check put right moved carried deal infront apart helpful,2023-01-03,1,,10.0,3.0,8.0,7.0
pilot,Non-VOLT,Non-VOLT_pilot,,7,lady spoke helpful,2023-01-03,1,7.0,8.0,8.0,8.0,7.0
pilot,VOLT,VOLT_pilot,yes,10,,2023-01-03,1,10.0,10.0,10.0,10.0,10.0
pilot,Non-VOLT,Non-VOLT_pilot,,10,,2023-01-03,1,8.0,10.0,10.0,10.0,10.0
pilot,Non-VOLT,Non-VOLT_pilot,,7,,2023-01-03,1,9.0,9.0,9.0,9.0,9.0
pilot,VOLT,VOLT_pilot,yes,9,,2023-01-03,1,9.0,3.0,6.0,6.0,7.0
pilot,VOLT,VOLT_pilot,yes,10,,2023-01-03,1,10.0,10.0,10.0,10.0,10.0
pilot,Non-VOLT,Non-VOLT_pilot,,9,good customer service adam knowledgeable helpful swift processing order order arrived next day amazing seamlessly installed running nicely making huge difference internet speed thank great service hope maintained level throughout engaggement,2023-01-03,1,9.0,9.0,9.0,9.0,9.0
pilot,VOLT,VOLT_pilot,yes,10,affordable price broadband speed,2023-01-03,1,10.0,10.0,9.0,10.0,9.0
pilot,Non-VOLT,Non-VOLT_pilot,,10,,2023-01-03,1,10.0,10.0,10.0,10.0,10.0
pilot,VOLT,VOLT_pilot,yes,10,service superp really appreciate turnaround well constant updates regarding progress company media team friendly willing assist recommend company media friends,2023-01-03,1,10.0,10.0,10.0,10.0,10.0
pilot,Non-VOLT,Non-VOLT_pilot,,10,man talked help full,2023-01-03,1,10.0,10.0,10.0,10.0,10.0
pilot,VOLT,VOLT_pilot,yes,9,technician name shabir perfect work nice company network wonderful,2023-01-03,1,10.0,9.0,9.0,9.0,10.0
pilot,Non-VOLT,Non-VOLT_pilot,,10,satisfied service rendered company media staff technician came install black box nice,2023-01-03,1,10.0,9.0,8.0,9.0,9.0
pilot,Non-VOLT,Non-VOLT_pilot,,9,liked professionalism,2023-01-03,1,9.0,10.0,10.0,10.0,10.0
pilot,VOLT,VOLT_pilot,yes,2,sales team sent wrong details contract wasted hours trying get sorted still sorted,2023-01-03,1,5.0,5.0,1.0,2.0,5.0
pilot,Non-VOLT,Non-VOLT_pilot,,10,,2023-01-03,1,10.0,10.0,10.0,10.0,10.0
pilot,VOLT,VOLT_pilot,yes,10,adam clearly knew products clear trying oversell offering best product available family needs dealt swiftly clearly explained process,2023-01-03,1,5.0,10.0,10.0,10.0,10.0
pilot,Non-VOLT,Non-VOLT_pilot,,8,,2023-01-03,1,8.0,8.0,8.0,8.0,8.0
pilot,VOLT,VOLT_pilot,yes,10,got good offer company sky,2023-01-03,1,8.0,5.0,10.0,10.0,10.0
pilot,Non-VOLT,Non-VOLT_pilot,,9,,2023-01-03,1,8.0,8.0,8.0,9.0,8.0
pilot,VOLT,VOLT_pilot,yes,10,,2023-01-03,1,10.0,10.0,10.0,10.0,10.0
pilot,Non-VOLT,Non-VOLT_pilot,,7,far many mails messages plus two days since ordering phone line yet installed,2023-01-03,1,5.0,5.0,9.0,10.0,5.0
pilot,VOLT,VOLT_pilot,yes,8,prompt response swift delivery good network affordability,2023-01-03,1,8.0,8.0,9.0,9.0,8.0
pilot,Non-VOLT,Non-VOLT_pilot,,9,satisfied upto give know running,2023-01-03,1,9.0,10.0,10.0,10.0,10.0
pilot,Non-VOLT,Non-VOLT_pilot,,10,,2023-01-03,1,10.0,10.0,10.0,10.0,10.0
pilot,Non-VOLT,Non-VOLT_pilot,,10,quick efficient service easy set,2023-01-03,1,10.0,10.0,10.0,10.0,10.0
pilot,VOLT,VOLT_pilot,yes,4,operator difficult understand call took one register complete process,2023-01-03,1,,,,,
pilot,VOLT,VOLT_pilot,yes,10,happy maria customer service centre stephen technician helpful understanding,2023-01-03,1,10.0,9.0,10.0,10.0,10.0
pilot,Non-VOLT,Non-VOLT_pilot,,4,well give set went fairly smooth next day call update bank details found ongoing broadband issue area,2023-01-03,1,5.0,9.0,7.0,10.0,9.0
pilot,Non-VOLT,Non-VOLT_pilot,,0,able change plan getting help customer service,2023-01-03,1,0.0,0.0,0.0,0.0,0.0
pilot,VOLT,VOLT_pilot,yes,10,,2023-01-03,1,10.0,10.0,10.0,10.0,10.0
pilot,Non-VOLT,Non-VOLT_pilot,,8,,2023-01-03,1,9.0,10.0,9.0,9.0,8.0
pilot,VOLT,VOLT_pilot,yes,9,,2023-01-03,1,9.0,8.0,9.0,9.0,8.0
pilot,Non-VOLT,Non-VOLT_pilot,,10,helpful kind got everything sorted quickly told offers could get lovely guy give raise,2023-01-03,1,10.0,10.0,10.0,10.0,10.0
pilot,Non-VOLT,Non-VOLT_pilot,,10,good affordable service staff helpful,2023-01-03,1,10.0,10.0,9.0,10.0,9.0
pilot,Non-VOLT,Non-VOLT_pilot,,8,,2023-01-03,1,9.0,8.0,9.0,9.0,9.0
pilot,VOLT,VOLT_pilot,yes,9,helpful polite well informed,2023-01-03,1,8.0,8.0,9.0,10.0,7.0
pilot,VOLT,VOLT_pilot,yes,5,technicians phone support team nice however connection expected product quite average,2023-01-03,1,6.0,3.0,7.0,7.0,4.0
pilot,VOLT,VOLT_pilot,yes,10,,2023-01-03,1,7.0,6.0,7.0,7.0,5.0
pilot,Non-VOLT,Non-VOLT_pilot,,10,reasonable price,2023-01-03,1,,10.0,10.0,10.0,10.0
pilot,Non-VOLT,Non-VOLT_pilot,,0,basically waste time install anything interested trying help set second chap gave information telling would run cables outside house inside well impressed also told someone would touch efforts happened cancelled set direct debit,2023-01-03,1,0.0,0.0,0.0,0.0,0.0
pilot,Non-VOLT,Non-VOLT_pilot,,10,,2023-01-03,1,10.0,10.0,10.0,10.0,10.0
pilot,Non-VOLT,Non-VOLT_pilot,,10,polite extremely helpful great service,2023-01-03,1,10.0,10.0,10.0,10.0,10.0
pilot,Non-VOLT,Non-VOLT_pilot,,10,,2023-01-03,1,10.0,10.0,10.0,10.0,10.0
pilot,Non-VOLT,Non-VOLT_pilot,,10,belligerent team rest get connected really take time explain processes make sense technical jargon associated services,2023-01-03,1,10.0,10.0,10.0,10.0,10.0
pilot,Non-VOLT,Non-VOLT_pilot,,7,expensive best value around address,2023-01-03,1,8.0,9.0,9.0,9.0,8.0
pilot,Non-VOLT,Non-VOLT_pilot,,10,,2023-01-03,1,,,,,10.0
pilot,VOLT,VOLT_pilot,yes,10,good communication helpful,2023-01-03,1,10.0,10.0,10.0,10.0,10.0
pilot,VOLT,VOLT_pilot,yes,10,good service clear concise,2023-01-03,1,10.0,10.0,10.0,10.0,10.0
pilot,Non-VOLT,Non-VOLT_pilot,,4,found difficult understand agents phone rather agreeing eyes tried sell something different,2023-01-03,1,,5.0,5.0,7.0,3.0
pilot,Non-VOLT,Non-VOLT_pilot,,10,cheap easy contact efficient good communication rep,2023-01-03,1,10.0,10.0,10.0,10.0,10.0
pilot,VOLT,VOLT_pilot,yes,9,helpful told deals,2023-01-03,1,5.0,5.0,10.0,9.0,8.0
pilot,Non-VOLT,Non-VOLT_pilot,,10,,2023-01-03,1,10.0,10.0,10.0,10.0,10.0
pilot,Non-VOLT,Non-VOLT_pilot,,10,staff knowledgeable products know sell,2023-01-03,1,10.0,10.0,10.0,10.0,10.0
pilot,VOLT,VOLT_pilot,yes,8,staff nice patient assisting choose plan,2023-01-03,1,8.0,8.0,8.0,8.0,8.0
pilot,Non-VOLT,Non-VOLT_pilot,,9,phone conversation representative well explicit already sorted order phone great job,2023-01-03,1,,9.0,9.0,8.0,8.0
pilot,Non-VOLT,Non-VOLT_pilot,,10,,2023-01-03,1,10.0,10.0,10.0,10.0,10.0
pilot,VOLT,VOLT_pilot,yes,9,guys rang pleasant explained exactly going home time,2023-01-03,1,10.0,9.0,9.0,9.0,9.0
pilot,VOLT,VOLT_pilot,yes,9,accommodated request preferred cable routing work carried swiftly,2023-01-03,1,9.0,8.0,9.0,9.0,9.0
pilot,Non-VOLT,Non-VOLT_pilot,,9,spoke adam helpful,2023-01-03,1,9.0,9.0,9.0,9.0,9.0
pilot,Non-VOLT,Non-VOLT_pilot,,9,helpful phone queries,2023-01-03,1,,,9.0,9.0,8.0
pilot,Non-VOLT,Non-VOLT_pilot,,0,,2023-01-03,1,0.0,0.0,5.0,5.0,0.0
pilot,VOLT,VOLT_pilot,yes,10,,2023-01-03,1,10.0,10.0,10.0,10.0,10.0
pilot,Non-VOLT,Non-VOLT_pilot,,10,friendly helpful,2023-01-03,1,5.0,8.0,,,
pilot,VOLT,VOLT_pilot,yes,10,needed sim urgently told get wednesday even though called monday evening got sim wednesday told would,2023-01-03,1,10.0,7.0,10.0,10.0,10.0
pilot,Non-VOLT,Non-VOLT_pilot,,10,,2023-01-03,1,7.0,7.0,8.0,10.0,7.0
pilot,VOLT,VOLT_pilot,yes,10,professional came right time,2023-01-03,1,10.0,9.0,10.0,10.0,9.0
pilot,Non-VOLT,Non-VOLT_pilot,,10,dealt professional manner everything fully explained,2023-01-03,1,10.0,10.0,10.0,10.0,8.0
pilot,Non-VOLT,Non-VOLT_pilot,,10,customer service point offer given excellent,2023-01-03,1,10.0,10.0,10.0,10.0,10.0
pilot,Non-VOLT,Non-VOLT_pilot,,8,installation super fast easy delivery also fast internet speed excellent despite fact instead 1company4 expected concern call request interned long takes hour,2023-01-03,1,8.0,8.0,10.0,10.0,10.0
pilot,Non-VOLT,Non-VOLT_pilot,,10,girl spoke brilliant helpful understanding got job done,2023-01-03,1,10.0,10.0,10.0,10.0,10.0
pilot,Non-VOLT,Non-VOLT_pilot,,8,,2023-01-03,1,6.0,6.0,8.0,9.0,8.0
pilot,Non-VOLT,Non-VOLT_pilot,,9,quick easy understanding staff,2023-01-03,1,6.0,7.0,9.0,9.0,6.0
pilot,Non-VOLT,Non-VOLT_pilot,,9,good customer service polite helpful lad sell anything price good,2023-01-03,1,8.0,8.0,8.0,8.0,8.0
pilot,Non-VOLT,Non-VOLT_pilot,,10,olivia help friendly,2023-01-03,1,10.0,10.0,10.0,10.0,10.0
pilot,Non-VOLT,Non-VOLT_pilot,,10,,2023-01-03,1,10.0,5.0,8.0,10.0,10.0
pilot,Non-VOLT,Non-VOLT_pilot,,10,efficient helpful,2023-01-03,1,10.0,10.0,10.0,10.0,10.0
pilot,Non-VOLT,Non-VOLT_pilot,,8,yes phoned lady spoke said would phone back much thought decided canceled package hope answers question,2023-01-03,1,,,,,
pilot,Non-VOLT,Non-VOLT_pilot,,10,friendly engineer answered questions kindly installed system without hassle time,2023-01-03,1,10.0,10.0,10.0,10.0,8.0
pilot,VOLT,VOLT_pilot,yes,9,,2023-01-03,1,10.0,10.0,10.0,10.0,10.0
pilot,VOLT,VOLT_pilot,yes,10,terms customer service pretty good however icing cake engineer setup company box name jeremiah helpful kind real asset company could give would ðxü,2023-01-03,1,10.0,9.0,7.0,7.0,7.0
pilot,Non-VOLT,Non-VOLT_pilot,,9,,2023-01-03,1,9.0,9.0,9.0,9.0,9.0
pilot,VOLT,VOLT_pilot,yes,0,problem never solved,2023-01-03,1,0.0,0.0,0.0,0.0,0.0
pilot,Non-VOLT,Non-VOLT_pilot,,10,really friendly,2023-01-03,1,10.0,10.0,10.0,10.0,10.0
pilot,Non-VOLT,Non-VOLT_pilot,,9,helpful,2023-01-03,1,10.0,10.0,10.0,10.0,10.0
pilot,VOLT,VOLT_pilot,yes,10,,2023-01-03,1,10.0,10.0,9.0,8.0,9.0
pilot,VOLT,VOLT_pilot,yes,10,,2023-01-03,1,10.0,9.0,5.0,8.0,10.0
pilot,VOLT,VOLT_pilot,yes,6,took three long frustrating calls get agree new contract one point speaking advisor mins put hold call ended took hours total,2023-01-04,1,,5.0,9.0,9.0,3.0
pilot,Non-VOLT,Non-VOLT_pilot,,8,,2023-01-04,1,8.0,8.0,8.0,8.0,6.0
pilot,VOLT,VOLT_pilot,yes,10,,2023-01-04,1,10.0,10.0,10.0,10.0,10.0
pilot,Non-VOLT,Non-VOLT_pilot,,10,offered best option suits friendly conversation helpful,2023-01-04,1,,10.0,10.0,10.0,10.0
pilot,Non-VOLT,Non-VOLT_pilot,,10,,2023-01-04,1,10.0,10.0,10.0,10.0,10.0
pilot,VOLT,VOLT_pilot,yes,10,,2023-01-04,1,10.0,10.0,10.0,10.0,10.0
pilot,Non-VOLT,Non-VOLT_pilot,,1,unhappy read installation fee apartment already assigned company previous tennant engineer came install anything took delivery box installed,2023-01-04,1,,0.0,,9.0,
pilot,Non-VOLT,Non-VOLT_pilot,,0,awful service support work sales help site doesnt work really disappointed,2023-01-04,1,0.0,0.0,5.0,5.0,0.0
pilot,Non-VOLT,Non-VOLT_pilot,,10,great customer service,2023-01-04,1,10.0,10.0,10.0,10.0,10.0
pilot,Non-VOLT,Non-VOLT_pilot,,10,friendly explained things well,2023-01-04,1,10.0,10.0,10.0,10.0,10.0
pilot,Non-VOLT,Non-VOLT_pilot,,10,good service,2023-01-04,1,10.0,10.0,10.0,10.0,10.0
pilot,VOLT,VOLT_pilot,yes,10,superb service helpful agent,2023-01-04,1,10.0,10.0,10.0,10.0,10.0
pilot,VOLT,VOLT_pilot,yes,10,massive drama shell energy moving home bad customer service spoke company within days active broadband house something hrs phone,2023-01-04,1,10.0,10.0,10.0,10.0,10.0
pilot,Non-VOLT,Non-VOLT_pilot,,0,customer service keep hanging call solve problems overall service,2023-01-04,1,0.0,0.0,0.0,0.0,0.0
pilot,Non-VOLT,Non-VOLT_pilot,,9,excellent service,2023-01-04,1,9.0,8.0,9.0,9.0,9.0
pilot,VOLT,VOLT_pilot,yes,9,company media guy helpful,2023-01-04,1,8.0,8.0,9.0,9.0,9.0
pilot,VOLT,VOLT_pilot,yes,10,guided process phone epitome empathetic warm professionalism customer service personnel good products remain competitive see becoming long term loyal customer,2023-01-04,1,8.0,10.0,10.0,10.0,9.0
pilot,Non-VOLT,Non-VOLT_pilot,,0,extremely disappointed customer service team still awaiting response fraud prevention team waste hours time already service yet receive,2023-01-04,1,0.0,0.0,0.0,0.0,0.0
pilot,VOLT,VOLT_pilot,yes,0,internet crap get signal half stair call complain get fobbed staff trained robots guys make want hang call every week sell mobile contract told stop taken numbers dates call give ofcom harassment,2023-01-04,1,0.0,0.0,0.0,0.0,0.0
pilot,VOLT,VOLT_pilot,yes,10,brilliant customer service,2023-01-04,1,10.0,10.0,10.0,10.0,10.0
pilot,Non-VOLT,Non-VOLT_pilot,,9,helpful friendly advisor good package deal,2023-01-04,1,9.0,9.0,9.0,9.0,9.0
pilot,Non-VOLT,Non-VOLT_pilot,,0,communications terrible,2023-01-04,1,5.0,5.0,5.0,5.0,0.0
pilot,Non-VOLT,Non-VOLT_pilot,,10,efficient friendly,2023-01-04,1,,9.0,10.0,10.0,10.0
pilot,VOLT,VOLT_pilot,yes,10,helpful installation engineer whole team,2023-01-04,1,10.0,10.0,10.0,10.0,10.0
pilot,Non-VOLT,Non-VOLT_pilot,,9,patient call handler explained everything detail good professionalism polite voice tone throughout upsell pressurised get services,2023-01-04,1,9.0,5.0,10.0,10.0,8.0
pilot,Non-VOLT,Non-VOLT_pilot,,9,percy helpful polite patient,2023-01-04,1,9.0,9.0,8.0,9.0,7.0
pilot,Non-VOLT,Non-VOLT_pilot,,3,despite entered data online everything phone extremely difficult understand advisor,2023-01-04,1,8.0,10.0,6.0,7.0,5.0
pilot,VOLT,VOLT_pilot,yes,10,friendly adviser,2023-01-04,1,10.0,10.0,10.0,10.0,10.0
pilot,VOLT,VOLT_pilot,yes,10,hardworking punctual quits carried work,2023-01-04,1,10.0,10.0,10.0,10.0,10.0
pilot,Non-VOLT,Non-VOLT_pilot,,9,easy set process helpful staff phone,2023-01-04,1,10.0,10.0,10.0,10.0,9.0
pilot,Non-VOLT,Non-VOLT_pilot,,9,,2023-01-04,1,9.0,9.0,9.0,9.0,9.0
pilot,Non-VOLT,Non-VOLT_pilot,,10,great service friendly staff,2023-01-04,1,6.0,10.0,10.0,10.0,5.0
pilot,Non-VOLT,Non-VOLT_pilot,,10,quick service,2023-01-04,1,10.0,10.0,9.0,10.0,6.0
pilot,Non-VOLT,Non-VOLT_pilot,,10,good price service,2023-01-04,1,10.0,10.0,10.0,10.0,10.0
pilot,VOLT,VOLT_pilot,yes,9,polite informative,2023-01-04,1,9.0,9.0,9.0,10.0,9.0
pilot,VOLT,VOLT_pilot,yes,0,joke wanting talk someone phone,2023-01-04,1,0.0,1.0,2.0,1.0,4.0
pilot,Non-VOLT,Non-VOLT_pilot,,10,efficient moving sat dish install,2023-01-04,1,0.0,10.0,10.0,10.0,10.0
pilot,VOLT,VOLT_pilot,yes,10,,2023-01-04,1,10.0,7.0,10.0,10.0,10.0
pilot,Non-VOLT,Non-VOLT_pilot,,10,straight forward,2023-01-04,1,10.0,10.0,10.0,10.0,10.0
pilot,Non-VOLT,Non-VOLT_pilot,,5,,2023-01-04,1,7.0,5.0,7.0,7.0,5.0
pilot,VOLT,VOLT_pilot,yes,10,everything explained well,2023-01-04,1,5.0,10.0,10.0,10.0,10.0
pilot,Non-VOLT,Non-VOLT_pilot,,9,great price,2023-01-04,1,10.0,10.0,10.0,10.0,10.0
pilot,VOLT,VOLT_pilot,yes,0,placing order online free installation activation contract sent next day one charge order get sorted called hour half lied two members team finally transferred someone could helped minutes although contract still charge can't believe staff badly trained tried complain member complaints team tried convince asked speak manager fairness manager came saying everything resolved can't understand would want talk manager like prime minister supervisor call centre sure even bothered recounting like anyone company cares,2023-01-04,1,0.0,0.0,0.0,0.0,6.0
pilot,Non-VOLT,Non-VOLT_pilot,,10,easy set,2023-01-04,1,10.0,10.0,10.0,10.0,10.0
pilot,Non-VOLT,Non-VOLT_pilot,,10,person set account helpful fully explained everything,2023-01-04,1,10.0,10.0,10.0,10.0,10.0
pilot,Non-VOLT,Non-VOLT_pilot,,10,person spoke help understanding fantastic team working best experience stressful pervasive make experience stressful never best customer care ever,2023-01-04,1,10.0,10.0,10.0,10.0,10.0
pilot,VOLT,VOLT_pilot,yes,10,friendly staff explained everything simple way,2023-01-04,1,10.0,10.0,10.0,10.0,10.0
pilot,Non-VOLT,Non-VOLT_pilot,,10,efficient service great price fast setup delivery great round,2023-01-04,1,10.0,10.0,10.0,10.0,10.0
pilot,VOLT,VOLT_pilot,yes,10,,2023-01-04,1,10.0,8.0,7.0,10.0,8.0
pilot,Non-VOLT,Non-VOLT_pilot,,10,,2023-01-04,1,10.0,10.0,10.0,10.0,10.0
pilot,VOLT,VOLT_pilot,yes,9,helpful phone organising everything good service thing missed pac code transferring number new sim,2023-01-04,1,8.0,8.0,10.0,10.0,8.0
pilot,Non-VOLT,Non-VOLT_pilot,,10,excellent service advising package deals connected,2023-01-04,1,10.0,10.0,10.0,10.0,10.0
pilot,Non-VOLT,Non-VOLT_pilot,,0,lied telling company already home could set five days find cables anywhere near home dig entire shared drive company disappointed cancelling,2023-01-04,1,,,,,
pilot,Non-VOLT,Non-VOLT_pilot,,10,finally able speak someone helpful going forward would suggest would helpful phone number easily accessible came close giving online signing,2023-01-04,1,5.0,10.0,10.0,10.0,5.0
pilot,VOLT,VOLT_pilot,yes,10,friendly customer service clear explanation included,2023-01-04,1,8.0,7.0,9.0,10.0,9.0
pilot,VOLT,VOLT_pilot,yes,6,customer service good,2023-01-04,1,10.0,10.0,10.0,10.0,10.0
pilot,VOLT,VOLT_pilot,yes,10,,2023-01-04,1,10.0,10.0,10.0,10.0,10.0
pilot,Non-VOLT,Non-VOLT_pilot,,10,engineer extremely competent vast knowledge services available company unaware requested streaming hub sports add ons rating excellent read job notes attended last call requested,2023-01-04,1,5.0,0.0,0.0,5.0,2.0
pilot,Non-VOLT,Non-VOLT_pilot,,10,sade extremely friendly helpful,2023-01-04,1,10.0,10.0,10.0,10.0,10.0
pilot,VOLT,VOLT_pilot,yes,0,network work areas apartment,2023-01-04,1,6.0,7.0,7.0,7.0,6.0
pilot,VOLT,VOLT_pilot,yes,10,great job lovely team,2023-01-04,1,10.0,10.0,10.0,10.0,10.0
pilot,VOLT,VOLT_pilot,yes,10,efficient friendly,2023-01-04,1,10.0,10.0,10.0,10.0,10.0
pilot,Non-VOLT,Non-VOLT_pilot,,10,great customer service best wifi market also like heard company engineers use white box wires install completion,2023-01-04,1,2.0,8.0,10.0,10.0,10.0
pilot,VOLT,VOLT_pilot,yes,9,helpful friendly,2023-01-04,1,6.0,9.0,9.0,9.0,9.0
pilot,VOLT,VOLT_pilot,yes,10,initial sale great employee knowledgeable explained process benefits trouble setting device received support staff extremely helpful got running perfect experience,2023-01-04,1,10.0,10.0,10.0,10.0,10.0
pilot,Non-VOLT,Non-VOLT_pilot,,9,competence friendly manners call even though crowded surrownding set contract everything fine,2023-01-04,1,9.0,9.0,9.0,9.0,9.0
pilot,Non-VOLT,Non-VOLT_pilot,,4,cords connected wall unit size,2023-01-04,1,1.0,3.0,6.0,6.0,6.0
pilot,Non-VOLT,Non-VOLT_pilot,,10,,2023-01-04,1,10.0,10.0,10.0,10.0,10.0
pilot,Non-VOLT,Non-VOLT_pilot,,5,happy way contract sold,2023-01-04,1,8.0,5.0,1.0,5.0,3.0
pilot,VOLT,VOLT_pilot,yes,5,interne working properly,2023-01-04,1,7.0,6.0,9.0,9.0,4.0
pilot,Non-VOLT,Non-VOLT_pilot,,9,colleague friendly knowledgable,2023-01-04,1,9.0,9.0,10.0,10.0,10.0
pilot,Non-VOLT,Non-VOLT_pilot,,10,,2023-01-04,1,10.0,10.0,10.0,10.0,10.0
pilot,Non-VOLT,Non-VOLT_pilot,,10,technician nice,2023-01-04,1,5.0,3.0,8.0,8.0,8.0
pilot,VOLT,VOLT_pilot,yes,7,,2023-01-04,1,7.0,6.0,4.0,5.0,6.0
pilot,Non-VOLT,Non-VOLT_pilot,,10,great price competitive,2023-01-04,1,,10.0,10.0,10.0,10.0
pilot,Non-VOLT,Non-VOLT_pilot,,10,helpful thorough patient throughout,2023-01-04,1,10.0,5.0,10.0,10.0,10.0
pilot,Non-VOLT,Non-VOLT_pilot,,10,amazing customer service sade,2023-01-04,1,10.0,10.0,10.0,10.0,10.0
pilot,Non-VOLT,Non-VOLT_pilot,,9,perfect,2023-01-04,1,10.0,0.0,0.0,5.0,8.0
pilot,VOLT,VOLT_pilot,yes,10,,2023-01-04,1,10.0,10.0,10.0,10.0,10.0
pilot,Non-VOLT,Non-VOLT_pilot,,10,guy spoke amazing customer service skills polite friendly professional assisted way found correct broadband,2023-01-04,1,10.0,10.0,10.0,10.0,10.0
pilot,Non-VOLT,Non-VOLT_pilot,,0,contacted regarding login problem sorted yet,2023-01-05,1,0.0,0.0,0.0,0.0,0.0
pilot,Non-VOLT,Non-VOLT_pilot,,10,great deal salesman phone good accommodating explained everything needed know,2023-01-05,1,10.0,10.0,10.0,10.0,10.0
pilot,Non-VOLT,Non-VOLT_pilot,,5,cut times finally got service great frustrating cut many times,2023-01-05,1,0.0,7.0,9.0,9.0,9.0
pilot,Non-VOLT,Non-VOLT_pilot,,8,pleasant call centre agent fast installation external box,2023-01-05,1,6.0,9.0,8.0,10.0,8.0
pilot,Non-VOLT,Non-VOLT_pilot,,9,person phone polite gave information needed make right choice broadband best one,2023-01-05,1,9.0,10.0,9.0,10.0,9.0
pilot,Non-VOLT,Non-VOLT_pilot,,10,excellent support made easy,2023-01-05,1,8.0,10.0,10.0,10.0,10.0
pilot,VOLT,VOLT_pilot,yes,10,helpful explained everything asked,2023-01-05,1,10.0,10.0,10.0,10.0,10.0
pilot,Non-VOLT,Non-VOLT_pilot,,10,easy change friendly professional call taker,2023-01-05,1,10.0,10.0,10.0,10.0,10.0
pilot,VOLT,VOLT_pilot,yes,10,fantastic service,2023-01-05,1,,,,,10.0
pilot,Non-VOLT,Non-VOLT_pilot,,4,told could supply service property moving told order connect would lay trench digging front property renting property cannot give permission work without precise details involved impact landlord's property garden made clear time discussing service company media could provide discussed connection visit engineer would conect router,2023-01-05,1,6.0,5.0,5.0,10.0,8.0
pilot,Non-VOLT,Non-VOLT_pilot,,10,,2023-01-05,1,10.0,10.0,10.0,10.0,10.0
pilot,Non-VOLT,Non-VOLT_pilot,,10,prompt response,2023-01-05,1,1.0,10.0,10.0,10.0,10.0
pilot,Non-VOLT,Non-VOLT_pilot,,10,,2023-01-05,1,,,10.0,10.0,10.0
pilot,Non-VOLT,Non-VOLT_pilot,,10,great service quick set,2023-01-05,1,10.0,10.0,10.0,10.0,10.0
pilot,Non-VOLT,Non-VOLT_pilot,,10,,2023-01-05,1,,9.0,10.0,10.0,9.0
pilot,Non-VOLT,Non-VOLT_pilot,,10,,2023-01-05,1,10.0,10.0,10.0,10.0,10.0
pilot,Non-VOLT,Non-VOLT_pilot,,10,,2023-01-05,1,10.0,10.0,10.0,10.0,10.0
pilot,VOLT,VOLT_pilot,yes,10,,2023-01-05,1,10.0,10.0,10.0,10.0,10.0
pilot,VOLT,VOLT_pilot,yes,0,sign services someone either mis entered using email address told fraud group still getting emails,2023-01-05,1,,,,,
pilot,VOLT,VOLT_pilot,yes,10,,2023-01-05,1,10.0,10.0,10.0,10.0,10.0
pilot,Non-VOLT,Non-VOLT_pilot,,9,,2023-01-05,1,9.0,9.0,9.0,9.0,8.0
pilot,Non-VOLT,Non-VOLT_pilot,,10,helpful,2023-01-05,1,9.0,10.0,5.0,5.0,10.0
pilot,Non-VOLT,Non-VOLT_pilot,,10,excellent service,2023-01-05,1,10.0,10.0,10.0,10.0,10.0
pilot,Non-VOLT,Non-VOLT_pilot,,8,,2023-01-05,1,6.0,7.0,9.0,9.0,8.0
pilot,VOLT,VOLT_pilot,yes,10,,2023-01-05,1,,,,,
pilot,VOLT,VOLT_pilot,yes,10,great service phone brilliant package previous provider could even match round satisfied,2023-01-05,1,10.0,10.0,10.0,10.0,10.0
pilot,Non-VOLT,Non-VOLT_pilot,,7,,2023-01-05,1,8.0,6.0,9.0,9.0,7.0
pilot,Non-VOLT,Non-VOLT_pilot,,10,helpful,2023-01-05,1,10.0,10.0,10.0,10.0,10.0
pilot,Non-VOLT,Non-VOLT_pilot,,10,great customer service,2023-01-05,1,10.0,10.0,10.0,10.0,10.0
pilot,Non-VOLT,Non-VOLT_pilot,,8,great benefits pricey,2023-01-05,1,9.0,10.0,9.0,10.0,9.0
pilot,Non-VOLT,Non-VOLT_pilot,,0,customer service awful really need ditch overseas call centers kindness understanding voice long way feel contempt operator voices sniggering laughing say cannot understnd saying feels intentional cannot quite get words due strong accents saving grace physical connection stability thankfully connection quality good rarely ever thank goodness contact call centers would touch barge pole otherwise take look broadband whos operators absolutely marvellous lessons learned brushed carpet haha,2023-01-05,1,9.0,0.0,1.0,2.0,1.0
pilot,Non-VOLT,Non-VOLT_pilot,,1,good wifi would delivered 7am 7pm stayed house day working home wifi delivery never showed day wasted customer service received polite totally ineffective unhelpful,2023-01-05,1,0.0,1.0,5.0,5.0,5.0
pilot,Non-VOLT,Non-VOLT_pilot,,10,everything sorted easily,2023-01-05,1,10.0,10.0,10.0,10.0,10.0
pilot,Non-VOLT,Non-VOLT_pilot,,7,experience yet installation june 3rd,2023-01-05,1,5.0,9.0,5.0,9.0,5.0
pilot,Non-VOLT,Non-VOLT_pilot,,10,,2023-01-05,1,10.0,10.0,10.0,10.0,10.0
pilot,Non-VOLT,Non-VOLT_pilot,,10,,2023-01-05,1,10.0,10.0,10.0,10.0,10.0
pilot,Non-VOLT,Non-VOLT_pilot,,8,good service reasonable price,2023-01-05,1,7.0,7.0,9.0,9.0,8.0
pilot,VOLT,VOLT_pilot,yes,8,,2023-01-05,1,8.0,8.0,8.0,8.0,8.0
pilot,VOLT,VOLT_pilot,yes,10,,2023-01-05,1,10.0,,10.0,10.0,10.0
pilot,Non-VOLT,Non-VOLT_pilot,,8,,2023-01-05,1,8.0,8.0,10.0,10.0,8.0
pilot,VOLT,VOLT_pilot,yes,10,advisor explained everything clearly detail helpful patient friendly made comfortable,2023-01-05,1,7.0,10.0,10.0,10.0,8.0
pilot,Non-VOLT,Non-VOLT_pilot,,10,,2023-01-05,1,9.0,8.0,9.0,9.0,7.0
pilot,Non-VOLT,Non-VOLT_pilot,,7,introduced back company friend find offer etc end conversation,2023-01-05,1,6.0,6.0,,6.0,5.0
pilot,Non-VOLT,Non-VOLT_pilot,,8,,2023-01-05,1,8.0,8.0,8.0,8.0,8.0
pilot,Non-VOLT,Non-VOLT_pilot,,10,dealt quickly guys came set hub good,2023-01-05,1,10.0,10.0,10.0,10.0,10.0
pilot,VOLT,VOLT_pilot,yes,9,like quick response got everything,2023-01-05,1,8.0,8.0,8.0,8.0,6.0
pilot,Non-VOLT,Non-VOLT_pilot,,1,communication skills poor hard ear well explain things properly proper english company media also put things asked even saying things putting things,2023-01-05,1,0.0,0.0,3.0,2.0,0.0
pilot,Non-VOLT,Non-VOLT_pilot,,9,happy service,2023-01-05,1,10.0,9.0,9.0,10.0,9.0
pilot,Non-VOLT,Non-VOLT_pilot,,10,moved property last june unable enjoy services company media provided previous address years due previous owner declining installation already sky installed assume sure cable would run property directly kerb line drive house set back ask service available move advised time advised company media always expanding services enquire new year enquired early may sales operative extremely helpful able call back advise would book site visit carry survey hopeful would get service missing past months engineers called discussed route since things moving along swiftly termination box end property access installed last week civils works running cable yesterday full install property due next monday what's like times met positive attitude degree curtesy found lacking companies recent years well done company media,2023-01-05,1,10.0,10.0,10.0,10.0,10.0
pilot,Non-VOLT,Non-VOLT_pilot,,0,company media worst company ever used cut phone notice went terrible company keep phone number witch promised would even made mess given new number absolutely disgusting,2023-01-05,1,0.0,0.0,,0.0,
pilot,VOLT,VOLT_pilot,yes,10,great service engineer came next day lovely got running time,2023-01-05,1,10.0,10.0,10.0,10.0,8.0
pilot,Non-VOLT,Non-VOLT_pilot,,10,,2023-01-05,1,,10.0,10.0,10.0,10.0
pilot,Non-VOLT,Non-VOLT_pilot,,10,engineer steve time friendly helpful ðx_x0018_,2023-01-05,1,7.0,7.0,7.0,8.0,10.0
pilot,Non-VOLT,Non-VOLT_pilot,,7,customer care sounded nicely rule reading many things expecting make decision based really odd let use service think recommendation please,2023-01-05,1,,,,,
pilot,Non-VOLT,Non-VOLT_pilot,,10,polite well knew job inside,2023-01-05,1,10.0,10.0,10.0,10.0,10.0
pilot,Non-VOLT,Non-VOLT_pilot,,10,quick efficient good coverage,2023-01-05,1,10.0,10.0,10.0,10.0,10.0
pilot,Non-VOLT,Non-VOLT_pilot,,10,sales staff extremely helpful easy talk,2023-01-05,1,5.0,10.0,10.0,10.0,10.0
pilot,Non-VOLT,Non-VOLT_pilot,,10,helpful staff,2023-01-05,1,8.0,10.0,10.0,10.0,8.0
pilot,Non-VOLT,Non-VOLT_pilot,,10,percy explained things clearly understood start wanted hard sell listening understanding top marks percy thank,2023-01-05,1,5.0,5.0,10.0,10.0,8.0
pilot,Non-VOLT,Non-VOLT_pilot,,10,team came friendly explained needed also clear fact one trainee still provided excellent customer service,2023-01-06,1,10.0,10.0,10.0,10.0,10.0
pilot,Non-VOLT,Non-VOLT_pilot,,10,daughter went everything operator years old understand lot language used technically want able know enjoy daughter praised service highly,2023-01-06,1,8.0,10.0,10.0,10.0,10.0
pilot,Non-VOLT,Non-VOLT_pilot,,7,new company media can't say yet liked service setting account,2023-01-06,1,,,8.0,7.0,7.0
pilot,Non-VOLT,Non-VOLT_pilot,,8,efficient,2023-01-06,1,,10.0,9.0,10.0,9.0
pilot,VOLT,VOLT_pilot,yes,7,helpful informative,2023-01-06,1,10.0,5.0,10.0,10.0,8.0
pilot,Non-VOLT,Non-VOLT_pilot,,10,gentleman dealt helpful friendly deserves lot credit nice man,2023-01-06,1,10.0,10.0,10.0,10.0,10.0
pilot,VOLT,VOLT_pilot,yes,0,,2023-01-06,1,0.0,,,,
pilot,Non-VOLT,Non-VOLT_pilot,,10,really easy get deal wanted really friendly staff patient whilst waited mortgage great value money easy book date installation suited,2023-01-06,1,10.0,10.0,10.0,10.0,10.0
